Time,HR (bpm),Speed (km/h),Pace (min/km),Distances (m)
0 days 00:00:01,113,0.5,132:34,0.76
0 days 00:00:02,114,0.4,133:27,1.52
0 days 00:00:03,114,0.5,120:16,2.29
0 days 00:00:04,114,0.5,116:59,3.05
0 days 00:00:05,113,0.6,108:11,3.81
0 days 00:00:06,111,0.4,136:20,4.57
0 days 00:00:07,109,0.5,129:49,5.34
0 days 00:00:08,109,0.5,115:46,6.1
0 days 00:00:09,107,0.5,120:16,6.86
0 days 00:00:10,107,0.6,98:38,7.62
0 days 00:00:11,108,0.5,114:17,8.39
0 days 00:00:12,109,0.5,127:49,9.15
0 days 00:00:13,110,0.4,165:15,9.91
0 days 00:00:14,110,0.3,231:18,10.67
0 days 00:00:15,110,0.3,209:17,11.44
0 days 00:00:16,109,0.3,173:49,12.2
0 days 00:00:17,107,0.3,190:14,12.96
0 days 00:00:18,105,0.4,166:04,13.72
0 days 00:00:19,103,0.4,169:44,14.48
0 days 00:00:20,102,0.3,207:15,15.25
0 days 00:00:21,102,0.3,210:40,16.01
0 days 00:00:22,103,0.5,128:21,16.77
0 days 00:00:23,104,0.5,122:33,17.53
0 days 00:00:24,105,0.6,108:10,18.3
0 days 00:00:25,105,0.6,99:16,19.06
0 days 00:00:26,105,0.5,112:37,19.82
0 days 00:00:27,106,0.5,129:24,20.58
0 days 00:00:28,107,0.3,172:07,21.35
0 days 00:00:29,108,0.3,180:27,22.11
0 days 00:00:30,108,0.3,203:28,22.87
0 days 00:00:31,109,0.2,247:01,23.63
0 days 00:00:32,109,0.2,276:53,24.4
0 days 00:00:33,109,0.2,369:00,25.16
0 days 00:00:34,107,0.1,469:51,25.92
0 days 00:00:35,107,0.1,00:00,26.68
0 days 00:00:36,104,0.1,00:00,27.44
0 days 00:00:37,101,0.1,00:00,28.21
0 days 00:00:38,102,0.1,00:00,28.97
0 days 00:00:39,103,0.1,468:01,29.73
0 days 00:00:40,105,0.3,202:13,30.49
0 days 00:00:41,107,0.4,168:38,31.26
0 days 00:00:42,109,0.3,200:04,32.02
0 days 00:00:43,110,0.3,235:23,32.78
0 days 00:00:44,110,0.2,325:02,33.54
0 days 00:00:45,109,0.2,387:06,34.31
0 days 00:00:46,109,0.1,417:15,35.07
0 days 00:00:47,108,0.1,558:40,35.83
0 days 00:00:48,107,0.1,00:00,36.59
0 days 00:00:49,109,0.1,00:00,37.36
0 days 00:00:50,109,0.0,00:00,38.12
0 days 00:00:51,110,0.0,00:00,38.88
0 days 00:00:52,110,0.0,00:00,39.64
0 days 00:00:53,110,0.4,142:25,40.4
0 days 00:00:54,110,0.6,100:51,40.79
0 days 00:00:55,110,0.4,151:17,40.81
0 days 00:00:56,110,0.3,226:56,40.81
0 days 00:00:57,111,0.2,340:20,40.81
0 days 00:00:58,111,0.1,510:38,40.81
0 days 00:00:59,110,0.1,00:00,40.81
0 days 00:01:00,106,0.1,00:00,40.81
0 days 00:01:01,99,0.0,00:00,40.81
0 days 00:01:02,96,0.0,00:00,40.81
0 days 00:01:03,96,0.0,00:00,40.81
0 days 00:01:04,97,0.0,00:00,40.81
0 days 00:01:05,100,0.0,00:00,40.81
0 days 00:01:06,103,0.0,00:00,40.81
0 days 00:01:07,106,0.0,00:00,40.81
0 days 00:01:08,107,0.0,00:00,40.81
0 days 00:01:09,108,0.0,00:00,40.81
0 days 00:01:10,108,0.0,00:00,40.81
0 days 00:01:11,109,0.0,00:00,40.81
0 days 00:01:12,107,0.0,00:00,40.81
0 days 00:01:13,96,0.0,00:00,40.81
0 days 00:01:14,95,0.0,00:00,40.81
0 days 00:01:15,97,0.0,00:00,40.81
0 days 00:01:16,100,0.0,00:00,40.81
0 days 00:01:17,101,0.0,00:00,40.81
0 days 00:01:18,102,0.0,00:00,40.81
0 days 00:01:19,102,0.0,00:00,40.81
0 days 00:01:20,101,0.0,00:00,40.81
0 days 00:01:21,100,0.0,00:00,40.81
0 days 00:01:22,101,0.0,00:00,40.81
0 days 00:01:23,101,0.0,00:00,40.81
0 days 00:01:24,101,0.0,00:00,40.81
0 days 00:01:25,104,0.0,00:00,40.81
0 days 00:01:26,104,0.0,00:00,40.81
0 days 00:01:27,103,0.0,00:00,40.81
0 days 00:01:28,103,0.0,00:00,40.81
0 days 00:01:29,103,0.0,00:00,40.81
0 days 00:01:30,105,0.0,00:00,40.81
0 days 00:01:31,106,0.0,00:00,40.81
0 days 00:01:32,107,0.0,00:00,40.81
0 days 00:01:33,107,0.0,00:00,40.81
0 days 00:01:34,106,0.0,00:00,40.81
0 days 00:01:35,106,0.0,00:00,40.81
0 days 00:01:36,105,0.0,00:00,40.81
0 days 00:01:37,101,0.0,00:00,40.81
0 days 00:01:38,100,0.0,00:00,40.81
0 days 00:01:39,101,0.0,00:00,40.81
0 days 00:01:40,103,0.0,00:00,40.81
0 days 00:01:41,106,0.0,00:00,40.81
0 days 00:01:42,107,0.0,00:00,40.81
0 days 00:01:43,109,0.0,00:00,40.81
0 days 00:01:44,110,0.0,00:00,40.81
0 days 00:01:45,110,0.0,00:00,40.81
0 days 00:01:46,109,0.0,00:00,40.81
0 days 00:01:47,109,0.0,00:00,40.81
0 days 00:01:48,108,0.0,00:00,40.81
0 days 00:01:49,108,0.0,00:00,40.81
0 days 00:01:50,108,0.0,00:00,40.81
0 days 00:01:51,108,0.0,00:00,40.81
0 days 00:01:52,109,0.0,00:00,40.81
0 days 00:01:53,109,0.0,00:00,40.81
0 days 00:01:54,110,0.0,00:00,40.81
0 days 00:01:55,111,0.0,00:00,40.81
0 days 00:01:56,112,0.0,00:00,40.81
0 days 00:01:57,111,0.0,00:00,40.81
0 days 00:01:58,110,0.0,00:00,40.81
0 days 00:01:59,110,0.0,00:00,40.81
0 days 00:02:00,107,0.0,00:00,40.81
0 days 00:02:01,105,0.0,00:00,40.81
0 days 00:02:02,106,0.0,00:00,40.81
0 days 00:02:03,107,0.0,00:00,40.81
0 days 00:02:04,108,0.0,00:00,40.81
0 days 00:02:05,109,0.0,00:00,40.81
0 days 00:02:06,109,0.0,00:00,40.81
0 days 00:02:07,109,0.0,00:00,40.81
0 days 00:02:08,107,0.0,00:00,40.81
0 days 00:02:09,106,0.0,00:00,40.81
0 days 00:02:10,106,0.0,00:00,40.81
0 days 00:02:11,106,0.0,00:00,40.81
0 days 00:02:12,107,0.0,00:00,40.81
0 days 00:02:13,109,0.0,00:00,40.81
0 days 00:02:14,109,0.0,00:00,40.81
0 days 00:02:15,107,0.0,00:00,40.81
0 days 00:02:16,107,0.0,00:00,40.81
0 days 00:02:17,107,0.0,00:00,40.81
0 days 00:02:18,107,0.0,00:00,40.81
0 days 00:02:19,108,0.0,00:00,40.81
0 days 00:02:20,108,0.0,00:00,40.81
0 days 00:02:21,112,0.0,00:00,40.81
0 days 00:02:22,110,0.0,00:00,40.81
0 days 00:02:23,110,0.0,00:00,40.81
0 days 00:02:24,110,0.0,00:00,40.81
0 days 00:02:25,110,0.0,00:00,40.81
0 days 00:02:26,111,0.0,00:00,40.81
0 days 00:02:27,111,0.0,00:00,40.81
0 days 00:02:28,112,0.0,00:00,40.81
0 days 00:02:29,112,0.0,00:00,40.81
0 days 00:02:30,113,0.0,00:00,40.81
0 days 00:02:31,116,0.0,00:00,40.81
0 days 00:02:32,117,0.0,00:00,40.81
0 days 00:02:33,121,0.0,00:00,40.81
0 days 00:02:34,122,0.0,00:00,40.81
0 days 00:02:35,122,0.0,00:00,40.81
0 days 00:02:36,123,0.0,00:00,40.81
0 days 00:02:37,124,0.0,00:00,40.81
0 days 00:02:38,125,0.0,00:00,40.81
0 days 00:02:39,125,0.0,00:00,40.81
0 days 00:02:40,125,0.0,00:00,40.81
0 days 00:02:41,125,0.0,00:00,40.81
0 days 00:02:42,125,0.0,00:00,40.81
0 days 00:02:43,125,0.0,00:00,40.81
0 days 00:02:44,125,0.0,00:00,40.81
0 days 00:02:45,125,0.0,00:00,40.81
0 days 00:02:46,127,0.0,00:00,40.81
0 days 00:02:47,127,0.0,00:00,40.81
0 days 00:02:48,127,0.0,00:00,40.81
0 days 00:02:49,130,0.0,00:00,40.81
0 days 00:02:50,131,0.0,00:00,40.81
0 days 00:02:51,131,0.0,00:00,40.81
0 days 00:02:52,132,0.0,00:00,40.81
0 days 00:02:53,132,0.0,00:00,40.81
0 days 00:02:54,132,0.0,00:00,40.81
0 days 00:02:55,132,0.0,00:00,40.81
0 days 00:02:56,132,0.0,00:00,40.81
0 days 00:02:57,132,0.0,00:00,40.81
0 days 00:02:58,132,0.0,00:00,40.81
0 days 00:02:59,132,0.0,00:00,40.81
0 days 00:03:00,132,0.0,00:00,40.81
0 days 00:03:01,132,0.0,00:00,41.57
0 days 00:03:02,132,0.4,146:03,42.34
0 days 00:03:03,132,0.4,156:25,42.99
0 days 00:03:04,132,0.4,165:17,43.14
0 days 00:03:05,131,0.6,104:52,43.77
0 days 00:03:06,131,0.5,120:46,44.08
0 days 00:03:07,131,0.4,165:26,44.12
0 days 00:03:08,131,0.4,156:49,44.35
0 days 00:03:09,130,0.8,71:07,45.07
0 days 00:03:10,130,1.0,58:04,45.26
0 days 00:03:11,130,0.7,87:06,45.73
0 days 00:03:12,130,0.5,130:38,45.73
0 days 00:03:13,129,0.7,80:41,46.17
0 days 00:03:14,129,1.1,56:31,46.93
0 days 00:03:15,129,1.2,50:34,47.69
0 days 00:03:16,129,1.3,44:33,48.45
0 days 00:03:17,129,1.4,44:11,49.22
0 days 00:03:18,129,1.8,33:15,49.98
0 days 00:03:19,128,2.5,24:03,50.74
0 days 00:03:20,128,2.7,22:36,51.5
0 days 00:03:21,129,2.3,25:37,52.27
0 days 00:03:22,130,2.3,26:33,53.03
0 days 00:03:23,130,2.5,23:47,53.79
0 days 00:03:24,130,2.6,22:50,54.55
0 days 00:03:25,126,2.7,21:52,55.32
0 days 00:03:26,124,2.1,28:09,56.08
0 days 00:03:27,123,2.0,29:27,56.84
0 days 00:03:28,122,1.4,44:11,57.6
0 days 00:03:29,119,0.9,66:17,58.36
0 days 00:03:30,117,0.6,99:25,59.13
0 days 00:03:31,116,0.8,79:54,59.89
0 days 00:03:32,111,0.5,119:51,60.65
0 days 00:03:33,107,0.3,179:48,61.41
0 days 00:03:34,106,0.2,269:40,62.18
0 days 00:03:35,106,0.2,334:16,62.94
0 days 00:03:36,103,0.1,501:15,63.7
0 days 00:03:37,101,0.1,00:00,64.46
0 days 00:03:38,100,0.1,00:00,65.23
0 days 00:03:39,99,0.1,472:49,65.99
0 days 00:03:40,99,0.1,00:00,66.75
0 days 00:03:41,99,0.1,524:56,67.51
0 days 00:03:42,100,0.1,591:08,68.28
0 days 00:03:43,101,0.4,150:59,68.88
0 days 00:03:44,101,0.4,134:48,69.64
0 days 00:03:45,101,0.4,146:53,70.4
0 days 00:03:46,100,0.3,191:56,71.14
0 days 00:03:47,100,0.2,287:54,71.36
0 days 00:03:48,99,0.2,314:18,71.45
0 days 00:03:49,98,0.1,471:20,71.7
0 days 00:03:50,97,0.1,00:00,71.7
0 days 00:03:51,96,0.2,246:37,71.85
0 days 00:03:52,93,0.3,204:51,72.01
0 days 00:03:53,91,0.2,307:23,72.09
0 days 00:03:54,91,0.1,460:50,72.23
0 days 00:03:55,88,0.2,353:21,72.25
0 days 00:03:56,88,0.2,288:36,72.34
0 days 00:03:57,87,0.2,273:13,72.51
0 days 00:03:58,88,0.3,181:33,72.77
0 days 00:03:59,88,0.2,272:14,73.01
0 days 00:04:00,87,0.1,408:26,73.01
0 days 00:04:01,84,0.1,00:00,73.3
0 days 00:04:02,83,0.1,00:00,73.3
0 days 00:04:03,83,0.0,00:00,73.3
0 days 00:04:04,79,0.0,00:00,73.3
0 days 00:04:05,73,0.0,00:00,73.3
0 days 00:04:06,72,0.0,00:00,73.3
0 days 00:04:07,72,0.0,00:00,74.06
0 days 00:04:08,71,0.1,432:35,74.41
0 days 00:04:09,67,0.1,00:00,74.47
0 days 00:04:10,66,0.1,00:00,74.47
0 days 00:04:11,66,0.0,00:00,74.47
0 days 00:04:12,65,0.0,00:00,74.47
0 days 00:04:13,66,0.0,00:00,74.47
0 days 00:04:14,66,0.0,00:00,74.47
0 days 00:04:15,67,0.0,00:00,75.12
0 days 00:04:16,67,0.1,489:00,75.54
0 days 00:04:17,66,0.1,00:00,75.58
0 days 00:04:18,66,0.1,497:06,75.99
0 days 00:04:19,66,0.2,241:21,76.17
0 days 00:04:20,67,0.4,168:13,76.22
0 days 00:04:21,68,0.4,160:10,76.26
0 days 00:04:22,68,0.2,240:17,76.31
0 days 00:04:23,68,0.2,360:22,76.61
0 days 00:04:24,69,0.2,288:36,76.75
0 days 00:04:25,69,0.1,432:54,76.97
0 days 00:04:26,69,0.1,00:00,76.97
0 days 00:04:27,69,0.1,00:00,76.97
0 days 00:04:28,69,0.0,00:00,76.97
0 days 00:04:29,69,0.0,00:00,76.97
0 days 00:04:30,70,0.0,00:00,76.97
0 days 00:04:31,70,0.0,00:00,76.97
0 days 00:04:32,70,0.1,539:05,77.65
0 days 00:04:33,70,0.1,00:00,77.69
0 days 00:04:34,69,0.0,00:00,77.69
0 days 00:04:35,69,0.0,00:00,77.69
0 days 00:04:36,69,0.0,00:00,77.69
0 days 00:04:37,69,0.0,00:00,77.69
0 days 00:04:38,68,0.0,00:00,77.69
0 days 00:04:39,68,0.0,00:00,77.69
0 days 00:04:40,68,0.0,00:00,77.69
0 days 00:04:41,68,0.0,00:00,78.42
0 days 00:04:42,68,0.0,00:00,78.42
0 days 00:04:43,67,0.0,00:00,78.42
0 days 00:04:44,67,0.0,00:00,78.42
0 days 00:04:45,67,0.0,00:00,78.42
0 days 00:04:46,66,0.0,00:00,78.42
0 days 00:04:47,66,0.0,00:00,78.42
0 days 00:04:48,66,0.0,00:00,78.42
0 days 00:04:49,66,0.0,00:00,78.42
0 days 00:04:50,66,0.0,00:00,78.42
0 days 00:04:51,66,0.0,00:00,78.42
0 days 00:04:52,66,0.1,00:00,78.85
0 days 00:04:53,66,0.1,00:00,78.88
0 days 00:04:54,67,0.0,00:00,78.88
0 days 00:04:55,68,0.0,00:00,78.88
0 days 00:04:56,69,0.2,368:33,78.97
0 days 00:04:57,68,0.1,553:00,79.02
0 days 00:04:58,67,0.1,00:00,79.02
0 days 00:04:59,67,0.0,00:00,79.02
0 days 00:05:00,66,0.0,00:00,79.02
0 days 00:05:01,69,0.0,00:00,79.02
0 days 00:05:02,70,0.0,00:00,79.02
0 days 00:05:03,70,0.0,00:00,79.02
0 days 00:05:04,71,0.0,00:00,79.02
0 days 00:05:05,72,0.0,00:00,79.02
0 days 00:05:06,72,0.0,00:00,79.02
0 days 00:05:07,74,0.0,00:00,79.02
0 days 00:05:08,75,0.0,00:00,79.02
0 days 00:05:09,75,0.0,00:00,79.02
0 days 00:05:10,77,0.0,00:00,79.02
0 days 00:05:11,77,0.0,00:00,79.02
0 days 00:05:12,77,0.0,00:00,79.02
0 days 00:05:13,79,0.0,00:00,79.02
0 days 00:05:14,79,0.0,00:00,79.02
0 days 00:05:15,80,0.0,00:00,79.02
0 days 00:05:16,81,0.1,458:22,79.64
0 days 00:05:17,81,0.1,423:44,79.7
0 days 00:05:18,80,0.2,255:58,79.91
0 days 00:05:19,80,0.3,216:32,79.93
0 days 00:05:20,81,0.2,324:51,79.97
0 days 00:05:21,82,0.1,487:25,79.97
0 days 00:05:22,84,0.1,00:00,79.97
0 days 00:05:23,84,0.1,00:00,79.97
0 days 00:05:24,85,0.0,00:00,79.97
0 days 00:05:25,84,0.0,00:00,79.97
0 days 00:05:26,83,0.0,00:00,80.11
0 days 00:05:27,82,0.2,360:35,80.23
0 days 00:05:28,82,0.3,228:45,80.27
0 days 00:05:29,82,0.3,217:42,80.35
0 days 00:05:30,82,0.3,172:46,80.44
0 days 00:05:31,82,0.4,158:51,80.47
0 days 00:05:32,82,0.3,238:17,80.55
0 days 00:05:33,82,0.2,357:21,80.55
0 days 00:05:34,81,0.1,536:12,80.73
0 days 00:05:35,81,0.1,00:00,80.73
0 days 00:05:36,81,0.0,00:00,80.73
0 days 00:05:37,82,0.0,00:00,80.73
0 days 00:05:38,82,0.0,00:00,80.73
0 days 00:05:39,82,0.0,00:00,80.73
0 days 00:05:40,82,0.0,00:00,80.73
0 days 00:05:41,81,0.0,00:00,80.73
0 days 00:05:42,81,0.0,00:00,80.73
0 days 00:05:43,81,0.0,00:00,81.21
0 days 00:05:44,81,0.0,00:00,81.21
0 days 00:05:45,81,0.0,00:00,81.21
0 days 00:05:46,81,0.0,00:00,81.21
0 days 00:05:47,81,0.0,00:00,81.21
0 days 00:05:48,81,0.1,518:35,81.82
0 days 00:05:49,82,0.1,412:22,81.95
0 days 00:05:50,82,0.1,403:14,82.12
0 days 00:05:51,81,0.1,00:00,82.3
0 days 00:05:52,81,0.1,00:00,82.3
0 days 00:05:53,81,0.0,00:00,82.3
0 days 00:05:54,82,0.0,00:00,82.3
0 days 00:05:55,83,0.0,00:00,82.3
0 days 00:05:56,83,0.0,00:00,82.3
0 days 00:05:57,85,0.0,00:00,82.3
0 days 00:05:58,86,0.0,00:00,82.3
0 days 00:05:59,86,0.0,00:00,82.3
0 days 00:06:00,88,0.0,00:00,82.3
0 days 00:06:01,89,0.0,00:00,82.3
0 days 00:06:02,89,0.0,00:00,82.3
0 days 00:06:03,89,0.0,00:00,82.3
0 days 00:06:04,89,0.0,00:00,82.3
0 days 00:06:05,89,0.1,00:00,83.06
0 days 00:06:06,89,0.2,256:05,83.62
0 days 00:06:07,89,0.2,256:18,83.75
0 days 00:06:08,89,0.2,384:37,83.79
0 days 00:06:09,90,0.1,576:55,83.79
0 days 00:06:10,90,0.1,00:00,83.79
0 days 00:06:11,90,0.0,00:00,83.79
0 days 00:06:12,91,0.0,00:00,83.79
0 days 00:06:13,90,0.0,00:00,84.08
0 days 00:06:14,90,0.0,00:00,84.08
0 days 00:06:15,89,0.0,00:00,84.08
0 days 00:06:16,89,0.0,00:00,84.08
0 days 00:06:17,89,0.0,00:00,84.08
0 days 00:06:18,89,0.1,00:00,84.51
0 days 00:06:19,89,0.1,00:00,84.64
0 days 00:06:20,88,0.2,299:06,85.08
0 days 00:06:21,88,0.3,205:03,85.23
0 days 00:06:22,88,0.2,307:32,85.43
0 days 00:06:23,88,0.1,461:32,85.43
0 days 00:06:24,89,0.1,00:00,85.43
0 days 00:06:25,89,0.1,00:00,85.43
0 days 00:06:26,89,0.0,00:00,85.72
0 days 00:06:27,89,0.1,585:56,85.85
0 days 00:06:28,89,0.1,00:00,85.88
0 days 00:06:29,88,0.0,00:00,85.88
0 days 00:06:30,87,0.0,00:00,85.88
0 days 00:06:31,86,0.0,00:00,85.88
0 days 00:06:32,85,0.0,00:00,85.88
0 days 00:06:33,86,0.0,00:00,85.88
0 days 00:06:34,86,0.0,00:00,85.88
0 days 00:06:35,86,0.0,00:00,85.88
0 days 00:06:36,86,0.0,00:00,85.88
0 days 00:06:37,86,0.2,251:34,86.58
0 days 00:06:38,84,0.2,377:22,86.92
0 days 00:06:39,83,0.1,566:02,87.12
0 days 00:06:40,83,0.1,00:00,87.12
0 days 00:06:41,83,0.0,00:00,87.12
0 days 00:06:42,83,0.0,00:00,87.12
0 days 00:06:43,83,0.0,00:00,87.12
0 days 00:06:44,83,0.0,00:00,87.12
0 days 00:06:45,82,0.0,00:00,87.12
0 days 00:06:46,81,0.0,00:00,87.12
0 days 00:06:47,81,0.0,00:00,87.12
0 days 00:06:48,80,0.0,00:00,87.12
0 days 00:06:49,81,0.0,00:00,87.12
0 days 00:06:50,82,0.0,00:00,87.12
0 days 00:06:51,82,0.0,00:00,87.12
0 days 00:06:52,83,0.0,00:00,87.12
0 days 00:06:53,83,0.0,00:00,87.12
0 days 00:06:54,82,0.0,00:00,87.12
0 days 00:06:55,82,0.0,00:00,87.12
0 days 00:06:56,82,0.0,00:00,87.12
0 days 00:06:57,83,0.0,00:00,87.12
0 days 00:06:58,83,0.0,00:00,87.12
0 days 00:06:59,83,0.0,00:00,87.12
0 days 00:07:00,84,0.0,00:00,87.12
0 days 00:07:01,84,0.1,484:39,87.88
0 days 00:07:02,84,0.1,00:00,88.64
0 days 00:07:03,84,0.1,00:00,89.4
0 days 00:07:04,84,0.0,00:00,89.94
0 days 00:07:05,84,0.0,00:00,89.94
0 days 00:07:06,84,0.0,00:00,89.94
0 days 00:07:07,84,0.0,00:00,89.94
0 days 00:07:08,84,0.0,00:00,89.94
0 days 00:07:09,84,0.0,00:00,89.94
0 days 00:07:10,83,0.0,00:00,89.94
0 days 00:07:11,83,0.0,00:00,89.94
0 days 00:07:12,82,0.0,00:00,89.94
0 days 00:07:13,81,0.0,00:00,89.94
0 days 00:07:14,81,0.0,00:00,89.94
0 days 00:07:15,81,0.0,00:00,89.94
0 days 00:07:16,81,0.0,00:00,89.94
0 days 00:07:17,80,0.0,00:00,89.94
0 days 00:07:18,79,0.0,00:00,89.94
0 days 00:07:19,78,0.0,00:00,89.94
0 days 00:07:20,78,0.0,00:00,89.94
0 days 00:07:21,77,0.1,541:02,90.45
0 days 00:07:22,77,0.1,00:00,90.54
0 days 00:07:23,77,0.0,00:00,90.54
0 days 00:07:24,77,0.0,00:00,90.54
0 days 00:07:25,78,0.0,00:00,90.54
0 days 00:07:26,79,0.0,00:00,90.54
0 days 00:07:27,79,0.0,00:00,90.54
0 days 00:07:28,79,0.0,00:00,90.54
0 days 00:07:29,78,0.0,00:00,90.54
0 days 00:07:30,77,0.0,00:00,90.54
0 days 00:07:31,77,0.0,00:00,90.54
0 days 00:07:32,75,0.0,00:00,90.54
0 days 00:07:33,75,0.0,00:00,90.54
0 days 00:07:34,75,0.2,358:00,91.3
0 days 00:07:35,75,0.2,246:00,91.51
0 days 00:07:36,76,0.3,178:50,91.56
0 days 00:07:37,74,0.2,268:13,91.68
0 days 00:07:38,74,0.3,186:38,91.72
0 days 00:07:39,73,0.4,147:12,91.79
0 days 00:07:40,74,0.3,220:50,91.92
0 days 00:07:41,74,0.4,160:36,91.97
0 days 00:07:42,74,0.2,240:52,92.17
0 days 00:07:43,75,0.2,361:14,92.31
0 days 00:07:44,76,0.1,542:00,92.31
0 days 00:07:45,76,0.1,00:00,92.31
0 days 00:07:46,76,0.0,00:00,92.31
0 days 00:07:47,76,0.0,00:00,92.31
0 days 00:07:48,77,0.0,00:00,92.31
0 days 00:07:49,79,0.2,352:44,92.41
0 days 00:07:50,79,0.1,529:06,92.46
0 days 00:07:51,79,0.3,186:48,92.51
0 days 00:07:52,79,0.2,280:15,92.62
0 days 00:07:53,80,0.3,227:58,92.72
0 days 00:07:54,80,0.3,173:01,92.72
0 days 00:07:55,79,0.4,149:04,92.74
0 days 00:07:56,79,0.4,138:36,92.77
0 days 00:07:57,79,0.4,137:56,92.84
0 days 00:07:58,79,0.3,206:54,92.88
0 days 00:07:59,79,0.2,310:24,92.95
0 days 00:08:00,80,0.1,465:29,92.95
0 days 00:08:01,80,0.1,00:00,93.08
0 days 00:08:02,80,0.2,263:37,93.24
0 days 00:08:03,80,0.2,395:31,93.31
0 days 00:08:04,79,0.2,254:21,93.45
0 days 00:08:05,80,0.4,170:13,93.59
0 days 00:08:06,80,0.4,152:15,93.62
0 days 00:08:07,81,0.4,166:40,93.66
0 days 00:08:08,81,0.2,250:00,93.69
0 days 00:08:09,82,0.2,375:00,93.69
0 days 00:08:10,82,0.1,562:19,93.69
0 days 00:08:11,82,0.2,349:39,93.8
0 days 00:08:12,82,0.3,225:03,93.84
0 days 00:08:13,82,0.3,176:13,93.9
0 days 00:08:14,83,0.3,181:03,94.02
0 days 00:08:15,83,0.3,184:51,94.09
0 days 00:08:16,84,0.2,277:16,94.22
0 days 00:08:17,85,0.1,415:48,94.22
0 days 00:08:18,85,0.3,193:37,94.32
0 days 00:08:19,86,0.5,132:36,94.64
0 days 00:08:20,86,0.3,198:52,94.71
0 days 00:08:21,85,0.2,298:22,94.71
0 days 00:08:22,85,0.1,447:26,94.71
0 days 00:08:23,85,0.1,00:00,94.71
0 days 00:08:24,85,0.1,00:00,94.71
0 days 00:08:25,86,0.0,00:00,94.71
0 days 00:08:26,86,0.0,00:00,94.71
0 days 00:08:27,86,0.0,00:00,94.71
0 days 00:08:28,85,0.1,00:00,95.47
0 days 00:08:29,84,0.1,597:01,95.78
0 days 00:08:30,83,0.2,244:12,95.97
0 days 00:08:31,83,0.5,121:38,96.13
0 days 00:08:32,84,0.3,182:26,96.17
0 days 00:08:33,84,0.2,273:43,96.17
0 days 00:08:34,84,0.1,410:24,96.17
0 days 00:08:35,84,0.2,346:49,96.28
0 days 00:08:36,84,0.3,203:03,96.39
0 days 00:08:37,84,0.3,202:34,96.43
0 days 00:08:38,84,0.4,168:30,96.51
0 days 00:08:39,84,0.4,161:44,96.66
0 days 00:08:40,84,0.2,242:37,96.72
0 days 00:08:41,84,0.2,363:51,96.72
0 days 00:08:42,84,0.1,545:57,96.72
0 days 00:08:43,84,0.1,00:00,96.72
0 days 00:08:44,84,0.0,00:00,96.72
0 days 00:08:45,84,0.0,00:00,96.72
0 days 00:08:46,83,0.0,00:00,96.72
0 days 00:08:47,83,0.0,00:00,96.77
0 days 00:08:48,83,0.1,00:00,96.94
0 days 00:08:49,82,0.0,00:00,96.98
0 days 00:08:50,82,0.0,00:00,96.98
0 days 00:08:51,82,0.0,00:00,96.98
0 days 00:08:52,81,0.0,00:00,96.98
0 days 00:08:53,81,0.0,00:00,96.98
0 days 00:08:54,81,0.0,00:00,96.98
0 days 00:08:55,81,0.0,00:00,96.98
0 days 00:08:56,81,0.1,00:00,97.32
0 days 00:08:57,81,0.1,00:00,97.35
0 days 00:08:58,81,0.2,275:06,97.47
0 days 00:08:59,81,0.1,412:39,97.53
0 days 00:09:00,82,0.1,00:00,97.53
0 days 00:09:01,82,0.1,00:00,97.53
0 days 00:09:02,73,0.0,00:00,97.53
0 days 00:09:03,73,0.0,00:00,97.53
0 days 00:09:04,73,0.0,00:00,97.53
0 days 00:09:05,73,0.0,00:00,97.53
0 days 00:09:06,74,0.0,00:00,97.53
0 days 00:09:07,74,0.0,00:00,97.53
0 days 00:09:08,73,0.1,00:00,98.11
0 days 00:09:09,73,0.1,414:05,98.14
0 days 00:09:10,72,0.1,00:00,98.17
0 days 00:09:11,72,0.1,00:00,98.17
0 days 00:09:12,72,0.0,00:00,98.33
0 days 00:09:13,74,0.0,00:00,98.33
0 days 00:09:14,75,0.0,00:00,98.33
0 days 00:09:15,76,0.1,00:00,98.42
0 days 00:09:16,76,0.2,348:14,98.57
0 days 00:09:17,77,0.1,522:39,98.58
0 days 00:09:18,76,0.1,00:00,98.64
0 days 00:09:19,75,0.1,439:34,98.74
0 days 00:09:20,75,0.1,00:00,98.77
0 days 00:09:21,75,0.1,00:00,98.79
0 days 00:09:22,75,0.1,537:38,98.86
0 days 00:09:23,75,0.1,00:00,98.88
0 days 00:09:24,76,0.0,00:00,98.88
0 days 00:09:25,76,0.0,00:00,99.09
0 days 00:09:26,76,0.1,439:53,99.24
0 days 00:09:27,74,0.1,00:00,99.41
0 days 00:09:28,74,0.1,427:21,99.49
0 days 00:09:29,73,0.1,00:00,99.68
0 days 00:09:30,74,0.1,453:10,99.87
0 days 00:09:31,74,0.1,00:00,99.94
0 days 00:09:32,74,0.1,00:00,99.99
0 days 00:09:33,74,0.0,00:00,99.99
0 days 00:09:34,74,0.1,590:33,100.17
0 days 00:09:35,74,0.1,00:00,100.2
0 days 00:09:36,74,0.0,00:00,100.2
0 days 00:09:37,73,0.0,00:00,100.2
0 days 00:09:38,73,0.0,00:00,100.72
0 days 00:09:39,73,0.0,00:00,100.72
0 days 00:09:40,73,0.0,00:00,100.72
0 days 00:09:41,73,0.0,00:00,100.72
0 days 00:09:42,74,0.1,562:51,101.22
0 days 00:09:43,74,0.1,531:55,101.33
0 days 00:09:44,74,0.1,00:00,101.34
0 days 00:09:45,74,0.1,00:00,101.34
0 days 00:09:46,74,0.0,00:00,101.34
0 days 00:09:47,74,0.0,00:00,101.34
0 days 00:09:48,74,0.0,00:00,101.34
0 days 00:09:49,75,0.0,00:00,101.34
0 days 00:09:50,74,0.0,00:00,101.34
0 days 00:09:51,73,0.0,00:00,101.34
0 days 00:09:52,73,0.0,00:00,101.34
0 days 00:09:53,73,0.0,00:00,101.34
0 days 00:09:54,73,0.2,326:27,102.11
0 days 00:09:55,73,0.1,489:48,102.87
0 days 00:09:56,73,0.1,00:00,103.42
0 days 00:09:57,73,0.1,00:00,103.42
0 days 00:09:58,72,0.2,362:45,104.01
0 days 00:09:59,72,0.1,543:58,104.11
0 days 00:10:00,72,0.1,00:00,104.11
0 days 00:10:01,74,0.2,375:56,104.25
0 days 00:10:02,75,0.3,229:32,104.34
0 days 00:10:03,76,0.2,344:14,104.41
0 days 00:10:04,77,0.1,516:21,104.41
0 days 00:10:05,78,0.1,00:00,104.41
0 days 00:10:06,79,0.1,00:00,104.41
0 days 00:10:07,80,0.0,00:00,104.41
0 days 00:10:08,80,0.0,00:00,104.41
0 days 00:10:09,81,0.2,393:42,104.62
0 days 00:10:10,81,0.2,276:07,104.73
0 days 00:10:11,81,0.3,189:31,104.8
0 days 00:10:12,80,0.3,192:30,104.93
0 days 00:10:13,81,0.2,288:44,104.99
0 days 00:10:14,82,0.1,433:13,104.99
0 days 00:10:15,82,0.1,00:00,104.99
0 days 00:10:16,82,0.2,361:53,105.16
0 days 00:10:17,82,0.2,264:26,105.17
0 days 00:10:18,79,0.2,270:09,105.27
0 days 00:10:19,79,0.1,405:08,105.35
0 days 00:10:20,78,0.1,00:00,105.41
0 days 00:10:21,78,0.2,395:15,105.45
0 days 00:10:22,78,0.1,592:53,105.53
0 days 00:10:23,78,0.1,00:00,105.59
0 days 00:10:24,78,0.1,00:00,105.7
0 days 00:10:25,77,0.1,00:00,105.73
0 days 00:10:26,77,0.0,00:00,105.82
0 days 00:10:27,76,0.1,484:39,105.87
0 days 00:10:28,75,0.1,00:00,105.92
0 days 00:10:29,75,0.1,00:00,105.92
0 days 00:10:30,75,0.1,533:20,105.95
0 days 00:10:31,76,0.1,00:00,106.02
0 days 00:10:32,77,0.1,00:00,106.02
0 days 00:10:33,77,0.0,00:00,106.02
0 days 00:10:34,78,0.0,00:00,106.02
0 days 00:10:35,78,0.0,00:00,106.02
0 days 00:10:36,77,0.0,00:00,106.02
0 days 00:10:37,70,0.0,00:00,106.02
0 days 00:10:38,70,0.0,00:00,106.02
0 days 00:10:39,71,0.0,00:00,106.02
0 days 00:10:40,72,0.0,00:00,106.02
0 days 00:10:41,73,0.0,00:00,106.02
0 days 00:10:42,73,0.0,00:00,106.02
0 days 00:10:43,72,0.0,00:00,106.02
0 days 00:10:44,72,0.0,00:00,106.02
0 days 00:10:45,71,0.0,00:00,106.02
0 days 00:10:46,70,0.0,00:00,106.02
0 days 00:10:47,70,0.0,00:00,106.02
0 days 00:10:48,71,0.0,00:00,106.02
0 days 00:10:49,72,0.0,00:00,106.02
0 days 00:10:50,73,0.0,00:00,106.02
0 days 00:10:51,73,0.1,536:12,106.78
0 days 00:10:52,74,0.1,00:00,107.19
0 days 00:10:53,74,0.0,00:00,107.19
0 days 00:10:54,74,0.0,00:00,107.19
0 days 00:10:55,74,0.1,481:56,107.35
0 days 00:10:56,75,0.1,00:00,107.39
0 days 00:10:57,76,0.1,00:00,107.39
0 days 00:10:58,76,0.0,00:00,107.39
0 days 00:10:59,76,0.0,00:00,107.39
0 days 00:11:00,77,0.0,00:00,107.39
0 days 00:11:01,78,0.1,00:00,107.58
0 days 00:11:02,78,0.2,313:39,107.65
0 days 00:11:03,78,0.3,192:04,107.74
0 days 00:11:04,78,0.3,187:55,107.81
0 days 00:11:05,78,0.3,229:53,107.89
0 days 00:11:06,78,0.3,230:14,107.95
0 days 00:11:07,78,0.3,197:18,107.96
0 days 00:11:08,78,0.3,184:30,108.01
0 days 00:11:09,78,0.2,276:45,108.05
0 days 00:11:10,78,0.1,415:13,108.05
0 days 00:11:11,78,0.2,299:24,108.17
0 days 00:11:12,77,0.2,276:22,108.23
0 days 00:11:13,76,0.2,282:37,108.3
0 days 00:11:14,76,0.1,424:02,108.33
0 days 00:11:15,76,0.2,293:41,108.4
0 days 00:11:16,75,0.3,239:08,108.61
0 days 00:11:17,75,0.2,358:38,108.8
0 days 00:11:18,74,0.1,538:07,108.8
0 days 00:11:19,75,0.1,00:00,108.8
0 days 00:11:20,75,0.0,00:00,108.8
0 days 00:11:21,76,0.0,00:00,108.8
0 days 00:11:22,76,0.0,00:00,108.8
0 days 00:11:23,76,0.0,00:00,108.8
0 days 00:11:24,76,0.0,00:00,108.8
0 days 00:11:25,76,0.0,00:00,108.8
0 days 00:11:26,77,0.0,00:00,109.56
0 days 00:11:27,77,0.0,00:00,110.32
0 days 00:11:28,77,0.4,165:59,110.72
0 days 00:11:29,77,0.3,189:31,111.12
0 days 00:11:30,77,0.2,284:14,111.18
0 days 00:11:31,77,0.1,426:26,111.18
0 days 00:11:32,78,0.1,00:00,111.18
0 days 00:11:33,79,0.1,00:00,111.18
0 days 00:11:34,80,0.0,00:00,111.18
0 days 00:11:35,80,0.0,00:00,111.18
0 days 00:11:36,81,0.0,00:00,111.18
0 days 00:11:37,82,0.0,00:00,111.18
0 days 00:11:38,82,0.0,00:00,111.18
0 days 00:11:39,82,0.0,00:00,111.18
0 days 00:11:40,83,0.0,00:00,111.18
0 days 00:11:41,83,0.0,00:00,111.18
0 days 00:11:42,83,0.0,00:00,111.18
0 days 00:11:43,84,0.0,00:00,111.18
0 days 00:11:44,85,0.0,00:00,111.18
0 days 00:11:45,85,0.0,00:00,111.18
0 days 00:11:46,85,0.0,00:00,111.18
0 days 00:11:47,85,0.0,00:00,111.18
0 days 00:11:48,85,0.0,00:00,111.18
0 days 00:11:49,85,0.0,00:00,111.18
0 days 00:11:50,85,0.0,00:00,111.18
0 days 00:11:51,85,0.0,00:00,111.18
0 days 00:11:52,86,0.0,00:00,111.18
0 days 00:11:53,85,0.0,00:00,111.18
0 days 00:11:54,85,0.0,00:00,111.18
0 days 00:11:55,85,0.0,00:00,111.18
0 days 00:11:56,83,0.0,00:00,111.18
0 days 00:11:57,83,0.0,00:00,111.18
0 days 00:11:58,83,0.0,00:00,111.18
0 days 00:11:59,83,0.0,00:00,111.18
0 days 00:12:00,83,0.0,00:00,111.18
0 days 00:12:01,82,0.0,00:00,111.18
0 days 00:12:02,82,0.0,00:00,111.18
0 days 00:12:03,83,0.0,00:00,111.18
0 days 00:12:04,83,0.0,00:00,111.18
0 days 00:12:05,83,0.0,00:00,111.18
0 days 00:12:06,83,0.0,00:00,111.18
0 days 00:12:07,83,0.0,00:00,111.18
0 days 00:12:08,83,0.0,00:00,111.18
0 days 00:12:09,82,0.0,00:00,111.18
0 days 00:12:10,82,0.0,00:00,111.18
0 days 00:12:11,82,0.0,00:00,111.18
0 days 00:12:12,81,0.0,00:00,111.18
0 days 00:12:13,81,0.0,00:00,111.18
0 days 00:12:14,81,0.0,00:00,111.18
0 days 00:12:15,81,0.0,00:00,111.18
0 days 00:12:16,81,0.0,00:00,111.18
0 days 00:12:17,81,0.0,00:00,111.18
0 days 00:12:18,82,0.0,00:00,111.18
0 days 00:12:19,82,0.0,00:00,111.18
0 days 00:12:20,82,0.0,00:00,111.18
0 days 00:12:21,82,0.0,00:00,111.18
0 days 00:12:22,82,0.0,00:00,111.18
0 days 00:12:23,82,0.0,00:00,111.18
0 days 00:12:24,82,0.0,00:00,111.18
0 days 00:12:25,82,0.0,00:00,111.18
0 days 00:12:26,82,0.0,00:00,111.18
0 days 00:12:27,82,0.0,00:00,111.18
0 days 00:12:28,82,0.0,00:00,111.18
0 days 00:12:29,81,0.0,00:00,111.18
0 days 00:12:30,82,0.0,00:00,111.18
0 days 00:12:31,82,0.0,00:00,111.18
0 days 00:12:32,82,0.0,00:00,111.18
0 days 00:12:33,83,0.0,00:00,111.18
0 days 00:12:34,84,0.0,00:00,111.18
0 days 00:12:35,84,0.0,00:00,111.18
0 days 00:12:36,83,0.0,00:00,111.18
0 days 00:12:37,83,0.0,00:00,111.18
0 days 00:12:38,82,0.0,00:00,111.18
0 days 00:12:39,82,0.0,00:00,111.18
0 days 00:12:40,82,0.0,00:00,111.18
0 days 00:12:41,83,0.1,00:00,111.94
0 days 00:12:42,83,0.0,00:00,112.02
0 days 00:12:43,84,0.0,00:00,112.02
0 days 00:12:44,84,0.0,00:00,112.02
0 days 00:12:45,84,0.0,00:00,112.02
0 days 00:12:46,84,0.0,00:00,112.02
0 days 00:12:47,84,0.0,00:00,112.02
0 days 00:12:48,83,0.0,00:00,112.17
0 days 00:12:49,83,0.0,00:00,112.17
0 days 00:12:50,84,0.0,00:00,112.17
0 days 00:12:51,84,0.0,00:00,112.17
0 days 00:12:52,84,0.0,00:00,112.17
0 days 00:12:53,84,0.0,00:00,112.17
0 days 00:12:54,84,0.0,00:00,112.17
0 days 00:12:55,84,0.0,00:00,112.17
0 days 00:12:56,84,0.0,00:00,112.17
0 days 00:12:57,83,0.0,00:00,112.17
0 days 00:12:58,83,0.0,00:00,112.17
0 days 00:12:59,83,0.0,00:00,112.17
0 days 00:13:00,82,0.0,00:00,112.17
0 days 00:13:01,82,0.0,00:00,112.17
0 days 00:13:02,82,0.0,00:00,112.17
0 days 00:13:03,82,0.0,00:00,112.17
0 days 00:13:04,82,0.0,00:00,112.17
0 days 00:13:05,82,0.0,00:00,112.17
0 days 00:13:06,82,0.0,00:00,112.94
0 days 00:13:07,82,0.1,00:00,113.7
0 days 00:13:08,82,0.1,00:00,114.46
0 days 00:13:09,82,0.1,00:00,115.22
0 days 00:13:10,82,0.1,00:00,115.26
0 days 00:13:11,82,0.0,00:00,115.26
0 days 00:13:12,83,0.0,00:00,115.26
0 days 00:13:13,83,0.1,00:00,116.03
0 days 00:13:14,83,0.0,00:00,116.05
0 days 00:13:15,83,0.0,00:00,116.05
0 days 00:13:16,82,0.0,00:00,116.35
0 days 00:13:17,82,0.0,00:00,116.45
0 days 00:13:18,81,0.1,00:00,116.51
0 days 00:13:19,82,0.1,00:00,116.54
0 days 00:13:20,82,0.2,373:22,116.64
0 days 00:13:21,82,0.1,560:13,116.67
0 days 00:13:22,82,0.1,00:00,116.67
0 days 00:13:23,81,0.0,00:00,116.67
0 days 00:13:24,81,0.1,00:00,117.43
0 days 00:13:25,81,0.1,561:16,117.77
0 days 00:13:26,81,0.1,00:00,117.97
0 days 00:13:27,82,0.0,00:00,117.97
0 days 00:13:28,82,0.0,00:00,117.97
0 days 00:13:29,82,0.0,00:00,118.41
0 days 00:13:30,83,0.0,00:00,118.42
0 days 00:13:31,83,0.0,00:00,118.42
0 days 00:13:32,83,0.0,00:00,118.42
0 days 00:13:33,82,0.0,00:00,118.42
0 days 00:13:34,82,0.0,00:00,118.42
0 days 00:13:35,82,0.0,00:00,119.08
0 days 00:13:36,82,0.0,00:00,119.08
0 days 00:13:37,81,0.0,00:00,119.08
0 days 00:13:38,79,0.0,00:00,119.08
0 days 00:13:39,78,0.0,00:00,119.08
0 days 00:13:40,77,0.0,00:00,119.08
0 days 00:13:41,77,0.1,00:00,119.46
0 days 00:13:42,76,0.2,280:46,119.48
0 days 00:13:43,76,0.1,421:21,119.51
0 days 00:13:44,75,0.1,00:00,119.51
0 days 00:13:45,75,0.1,00:00,119.51
0 days 00:13:46,75,0.0,00:00,119.51
0 days 00:13:47,75,0.0,00:00,119.51
0 days 00:13:48,75,0.0,00:00,119.51
0 days 00:13:49,76,0.0,00:00,119.51
0 days 00:13:50,76,0.0,00:00,119.51
0 days 00:13:51,76,0.0,00:00,119.51
0 days 00:13:52,76,0.0,00:00,119.51
0 days 00:13:53,76,0.0,00:00,119.51
0 days 00:13:54,77,0.0,00:00,119.51
0 days 00:13:55,77,0.0,00:00,119.51
0 days 00:13:56,76,0.0,00:00,119.51
0 days 00:13:57,76,0.0,00:00,119.51
0 days 00:13:58,76,0.0,00:00,119.51
0 days 00:13:59,76,0.0,00:00,119.51
0 days 00:14:00,77,0.0,00:00,119.51
0 days 00:14:01,78,0.0,00:00,119.51
0 days 00:14:02,78,0.0,00:00,119.51
0 days 00:14:03,79,0.0,00:00,119.51
0 days 00:14:04,78,0.0,00:00,119.51
0 days 00:14:05,77,0.0,00:00,119.51
0 days 00:14:06,77,0.0,00:00,119.51
0 days 00:14:07,77,0.0,00:00,119.51
0 days 00:14:08,78,0.0,00:00,119.51
0 days 00:14:09,78,0.0,00:00,119.51
0 days 00:14:10,79,0.0,00:00,119.51
0 days 00:14:11,79,0.0,00:00,119.51
0 days 00:14:12,79,0.0,00:00,119.51
0 days 00:14:13,79,0.0,00:00,119.51
0 days 00:14:14,79,0.0,00:00,119.51
0 days 00:14:15,79,0.0,00:00,119.51
0 days 00:14:16,79,0.0,00:00,119.51
0 days 00:14:17,79,0.0,00:00,119.51
0 days 00:14:18,79,0.0,00:00,119.51
0 days 00:14:19,79,0.0,00:00,119.51
0 days 00:14:20,80,0.0,00:00,119.51
0 days 00:14:21,80,0.0,00:00,119.51
0 days 00:14:22,80,0.0,00:00,119.51
0 days 00:14:23,80,0.0,00:00,119.51
0 days 00:14:24,79,0.0,00:00,119.51
0 days 00:14:25,78,0.0,00:00,119.51
0 days 00:14:26,78,0.0,00:00,119.51
0 days 00:14:27,78,0.0,00:00,119.51
0 days 00:14:28,78,0.0,00:00,119.51
0 days 00:14:29,79,0.0,00:00,119.51
0 days 00:14:30,79,0.0,00:00,119.51
0 days 00:14:31,79,0.0,00:00,119.51
0 days 00:14:32,78,0.0,00:00,119.51
0 days 00:14:33,78,0.0,00:00,119.51
0 days 00:14:34,78,0.0,00:00,119.51
0 days 00:14:35,78,0.0,00:00,119.51
0 days 00:14:36,79,0.0,00:00,119.51
0 days 00:14:37,79,0.0,00:00,119.51
0 days 00:14:38,79,0.0,00:00,119.51
0 days 00:14:39,79,0.0,00:00,119.51
0 days 00:14:40,79,0.0,00:00,119.51
0 days 00:14:41,78,0.0,00:00,119.51
0 days 00:14:42,78,0.0,00:00,119.51
0 days 00:14:43,78,0.0,00:00,119.51
0 days 00:14:44,79,0.0,00:00,119.51
0 days 00:14:45,79,0.0,00:00,119.51
0 days 00:14:46,80,0.0,00:00,119.51
0 days 00:14:47,80,0.0,00:00,119.51
0 days 00:14:48,80,0.0,00:00,119.51
0 days 00:14:49,80,0.0,00:00,119.51
0 days 00:14:50,80,0.0,00:00,119.51
0 days 00:14:51,79,0.0,00:00,120.27
0 days 00:14:52,79,0.0,00:00,120.64
0 days 00:14:53,80,0.0,00:00,120.64
0 days 00:14:54,80,0.0,00:00,120.64
0 days 00:14:55,81,0.0,00:00,120.64
0 days 00:14:56,82,0.0,00:00,120.64
0 days 00:14:57,82,0.0,00:00,120.64
0 days 00:14:58,82,0.0,00:00,120.64
0 days 00:14:59,82,0.0,00:00,120.64
0 days 00:15:00,82,0.0,00:00,120.64
0 days 00:15:01,81,0.0,00:00,120.64
0 days 00:15:02,81,0.0,00:00,120.64
0 days 00:15:03,81,0.0,00:00,120.64
0 days 00:15:04,82,0.0,00:00,120.64
0 days 00:15:05,82,0.0,00:00,120.64
0 days 00:15:06,82,0.0,00:00,120.64
0 days 00:15:07,82,0.0,00:00,120.64
0 days 00:15:08,81,0.0,00:00,120.64
0 days 00:15:09,81,0.0,00:00,120.64
0 days 00:15:10,81,0.0,00:00,120.64
0 days 00:15:11,80,0.0,00:00,120.64
0 days 00:15:12,80,0.0,00:00,121.4
0 days 00:15:13,81,0.0,00:00,121.58
0 days 00:15:14,81,0.0,00:00,121.58
0 days 00:15:15,81,0.0,00:00,121.58
0 days 00:15:16,81,0.0,00:00,121.58
0 days 00:15:17,81,0.0,00:00,121.58
0 days 00:15:18,81,0.0,00:00,121.58
0 days 00:15:19,81,0.0,00:00,121.58
0 days 00:15:20,81,0.0,00:00,121.58
0 days 00:15:21,82,0.0,00:00,121.58
0 days 00:15:22,82,0.0,00:00,121.58
0 days 00:15:23,83,0.0,00:00,121.58
0 days 00:15:24,83,0.0,00:00,121.58
0 days 00:15:25,84,0.0,00:00,121.58
0 days 00:15:26,83,0.0,00:00,121.58
0 days 00:15:27,81,0.0,00:00,121.58
0 days 00:15:28,80,0.0,00:00,121.58
0 days 00:15:29,80,0.0,00:00,121.58
0 days 00:15:30,80,0.0,00:00,121.58
0 days 00:15:31,80,0.0,00:00,121.58
0 days 00:15:32,81,0.0,00:00,121.58
0 days 00:15:33,81,0.0,00:00,121.58
0 days 00:15:34,81,0.0,00:00,121.58
0 days 00:15:35,81,0.0,00:00,121.58
0 days 00:15:36,81,0.0,00:00,121.58
0 days 00:15:37,81,0.0,00:00,121.58
0 days 00:15:38,81,0.0,00:00,121.58
0 days 00:15:39,81,0.0,00:00,121.58
0 days 00:15:40,81,0.0,00:00,121.58
0 days 00:15:41,81,0.0,00:00,121.58
0 days 00:15:42,80,0.0,00:00,121.58
0 days 00:15:43,80,0.0,00:00,121.58
0 days 00:15:44,80,0.0,00:00,121.58
0 days 00:15:45,80,0.0,00:00,121.58
0 days 00:15:46,80,0.0,00:00,121.58
0 days 00:15:47,80,0.0,00:00,121.58
0 days 00:15:48,80,0.0,00:00,121.58
0 days 00:15:49,80,0.0,00:00,121.58
0 days 00:15:50,80,0.0,00:00,121.58
0 days 00:15:51,80,0.0,00:00,121.58
0 days 00:15:52,80,0.0,00:00,121.58
0 days 00:15:53,81,0.0,00:00,121.58
0 days 00:15:54,81,0.0,00:00,121.58
0 days 00:15:55,81,0.0,00:00,121.58
0 days 00:15:56,81,0.0,00:00,121.58
0 days 00:15:57,81,0.0,00:00,121.58
0 days 00:15:58,81,0.0,00:00,121.58
0 days 00:15:59,81,0.0,00:00,121.58
0 days 00:16:00,81,0.0,00:00,121.58
0 days 00:16:01,81,0.0,00:00,121.58
0 days 00:16:02,81,0.0,00:00,121.58
0 days 00:16:03,81,0.0,00:00,121.58
0 days 00:16:04,82,0.0,00:00,121.58
0 days 00:16:05,81,0.0,00:00,121.58
0 days 00:16:06,81,0.0,00:00,121.58
0 days 00:16:07,81,0.0,00:00,121.58
0 days 00:16:08,81,0.0,00:00,121.58
0 days 00:16:09,81,0.0,00:00,121.58
0 days 00:16:10,81,0.0,00:00,121.58
0 days 00:16:11,81,0.0,00:00,121.58
0 days 00:16:12,82,0.0,00:00,121.58
0 days 00:16:13,82,0.0,00:00,121.58
0 days 00:16:14,83,0.0,00:00,121.58
0 days 00:16:15,83,0.0,00:00,121.58
0 days 00:16:16,82,0.0,00:00,121.58
0 days 00:16:17,82,0.0,00:00,121.58
0 days 00:16:18,82,0.0,00:00,121.58
0 days 00:16:19,81,0.0,00:00,121.58
0 days 00:16:20,81,0.0,00:00,121.58
0 days 00:16:21,81,0.1,559:11,122.34
0 days 00:16:22,81,0.1,00:00,123.1
0 days 00:16:23,81,0.0,00:00,123.87
0 days 00:16:24,81,0.0,00:00,124.33
0 days 00:16:25,81,0.0,00:00,124.33
0 days 00:16:26,81,0.0,00:00,124.33
0 days 00:16:27,82,0.0,00:00,124.33
0 days 00:16:28,82,0.0,00:00,124.33
0 days 00:16:29,83,0.0,00:00,124.33
0 days 00:16:30,83,0.0,00:00,124.33
0 days 00:16:31,83,0.0,00:00,124.33
0 days 00:16:32,84,0.0,00:00,124.33
0 days 00:16:33,83,0.0,00:00,124.33
0 days 00:16:34,83,0.0,00:00,124.33
0 days 00:16:35,83,0.0,00:00,124.33
0 days 00:16:36,83,0.0,00:00,124.33
0 days 00:16:37,84,0.0,00:00,124.33
0 days 00:16:38,84,0.0,00:00,124.33
0 days 00:16:39,84,0.0,00:00,124.33
0 days 00:16:40,84,0.0,00:00,124.33
0 days 00:16:41,84,0.0,00:00,124.33
0 days 00:16:42,85,0.0,00:00,124.33
0 days 00:16:43,85,0.0,00:00,124.33
0 days 00:16:44,84,0.0,00:00,124.33
0 days 00:16:45,84,0.0,00:00,124.33
0 days 00:16:46,84,0.0,00:00,124.33
0 days 00:16:47,84,0.0,00:00,124.33
0 days 00:16:48,84,0.0,00:00,124.33
0 days 00:16:49,85,0.0,00:00,124.33
0 days 00:16:50,85,0.0,00:00,124.33
0 days 00:16:51,85,0.0,00:00,124.33
0 days 00:16:52,84,0.0,00:00,124.33
0 days 00:16:53,84,0.0,00:00,124.33
0 days 00:16:54,84,0.0,00:00,124.33
0 days 00:16:55,84,0.0,00:00,124.33
0 days 00:16:56,84,0.0,00:00,124.33
0 days 00:16:57,84,0.0,00:00,124.33
0 days 00:16:58,84,0.0,00:00,124.33
0 days 00:16:59,84,0.0,00:00,124.33
0 days 00:17:00,84,0.0,00:00,124.33
0 days 00:17:01,85,0.0,00:00,124.33
0 days 00:17:02,85,0.0,00:00,124.33
0 days 00:17:03,85,0.0,00:00,124.33
0 days 00:17:04,84,0.0,00:00,124.33
0 days 00:17:05,84,0.0,00:00,124.33
0 days 00:17:06,84,0.0,00:00,124.33
0 days 00:17:07,84,0.0,00:00,124.33
0 days 00:17:08,84,0.0,00:00,124.33
0 days 00:17:09,84,0.0,00:00,124.33
0 days 00:17:10,85,0.0,00:00,124.33
0 days 00:17:11,85,0.0,00:00,124.33
0 days 00:17:12,84,0.0,00:00,124.33
0 days 00:17:13,83,0.0,00:00,124.33
0 days 00:17:14,83,0.0,00:00,124.33
0 days 00:17:15,83,0.0,00:00,124.33
0 days 00:17:16,83,0.0,00:00,124.33
0 days 00:17:17,84,0.0,00:00,124.33
0 days 00:17:18,84,0.0,00:00,124.33
0 days 00:17:19,84,0.0,00:00,124.33
0 days 00:17:20,84,0.0,00:00,124.33
0 days 00:17:21,84,0.0,00:00,124.33
0 days 00:17:22,83,0.0,00:00,124.33
0 days 00:17:23,83,0.0,00:00,124.33
0 days 00:17:24,82,0.0,00:00,124.33
0 days 00:17:25,82,0.0,00:00,124.33
0 days 00:17:26,82,0.0,00:00,124.33
0 days 00:17:27,83,0.0,00:00,124.33
0 days 00:17:28,83,0.0,00:00,124.33
0 days 00:17:29,84,0.0,00:00,124.33
0 days 00:17:30,84,0.0,00:00,124.33
0 days 00:17:31,84,0.0,00:00,124.33
0 days 00:17:32,84,0.0,00:00,124.33
0 days 00:17:33,84,0.0,00:00,124.33
0 days 00:17:34,84,0.0,00:00,124.33
0 days 00:17:35,84,0.0,00:00,124.33
0 days 00:17:36,83,0.0,00:00,124.33
0 days 00:17:37,82,0.0,00:00,124.33
0 days 00:17:38,81,0.0,00:00,124.33
0 days 00:17:39,81,0.0,00:00,124.33
0 days 00:17:40,82,0.0,00:00,124.33
0 days 00:17:41,82,0.0,00:00,125.09
0 days 00:17:42,82,0.0,00:00,125.85
0 days 00:17:43,82,0.0,00:00,126.61
0 days 00:17:44,81,0.0,00:00,126.94
0 days 00:17:45,81,0.0,00:00,126.94
0 days 00:17:46,81,0.0,00:00,126.94
0 days 00:17:47,81,0.0,00:00,126.94
0 days 00:17:48,81,0.0,00:00,126.94
0 days 00:17:49,82,0.0,00:00,126.94
0 days 00:17:50,82,0.0,00:00,126.94
0 days 00:17:51,82,0.2,257:04,127.19
0 days 00:17:52,82,0.2,304:25,127.57
0 days 00:17:53,82,0.1,456:37,127.9
0 days 00:17:54,82,0.1,00:00,127.9
